{
  "2024-01-03": {
    "total_profit": 19790.479999999927,
    "roi": 0.263874086979802,
    "num_trades": 422
  }
}